City,Lat,Lng,Max Temp,Humidity,Cloudiness,Wind Speed,Country,Date
Clyde River,70.4692,-68.5914,-5.57,84,100,2.3,CA,1650126710
Tabuk,17.4189,121.4443,73.44,89,100,4.32,PH,1650126711
Punta Arenas,-53.15,-70.9167,46.51,61,40,3.44,CL,1650126711
Busselton,-33.65,115.3333,59.9,75,75,11.7,AU,1650126712
Port-Gentil,-0.7193,8.7815,82.27,76,91,7.16,GA,1650126712
Hermanus,-34.4187,19.2345,62.8,69,1,21.27,ZA,1650126713
Rikitea,-23.1203,-134.9692,78.1,72,47,16.6,PF,1650126713
Port Hardy,50.6996,-127.4199,42.8,75,20,4.61,CA,1650126623
Jamestown,42.097,-79.2353,41.95,70,100,8.05,US,1650126617
Cape Town,-33.9258,18.4232,70.21,53,0,17.27,ZA,1650126423
Chapais,49.7834,-74.8492,31.78,72,99,11.65,CA,1650126714
Margate,51.3813,1.3862,54.7,74,3,5.01,GB,1650126714
Tautira,-17.7333,-149.15,80.85,75,21,16.08,PF,1650126715
Zhigansk,66.7697,123.3711,-7.04,100,29,3.91,RU,1650126715
Nhulunbuy,-12.2333,136.7667,74.01,100,100,23.02,AU,1650126716
Ushuaia,-54.8,-68.3,42.46,65,75,18.41,AR,1650126716
Hobart,-42.8794,147.3294,53.28,90,87,6.91,AU,1650126716
Navalmoral de la Mata,39.8916,-5.5406,78.22,45,5,4.09,ES,1650126717
Yenagoa,4.9247,6.2642,85.44,68,86,8.52,NG,1650126717
Qaanaaq,77.484,-69.3632,-8.86,74,77,8.05,GL,1650126718
Rawson,-43.3002,-65.1023,61.12,54,6,13.15,AR,1650126652
Carnarvon,-24.8667,113.6333,77.07,69,75,14.97,AU,1650126719
Albany,42.6001,-73.9662,57.58,88,100,9.89,US,1650126696
Santa Ana,33.7456,-117.8678,62.24,78,75,5.75,US,1650126719
Rantoul,40.3084,-88.1559,51.04,49,0,12.66,US,1650126720
Torbay,47.6666,-52.7314,55.27,72,20,32.21,CA,1650126720
Beyneu,45.3167,55.2,61.83,35,27,4.85,KZ,1650126721
Faanui,-16.4833,-151.75,81.43,72,7,16.51,PF,1650126721
Flinders,-34.5833,150.8552,59.18,91,23,3.0,AU,1650126722
San Rafael,-34.6177,-68.3301,74.64,30,10,6.71,AR,1650126638
Port Alfred,-33.5906,26.891,62.19,80,100,1.01,ZA,1650126723
Norman Wells,65.282,-126.8329,-3.96,71,20,5.75,CA,1650126723
Longyearbyen,78.2186,15.6401,26.44,80,100,14.97,SJ,1650126724
Jumilla,38.4792,-1.325,76.95,29,3,11.65,ES,1650126724
Barrow,71.2906,-156.7887,-2.18,78,0,19.57,US,1650126725
Castro,-24.7911,-50.0119,67.01,48,2,2.57,BR,1650126725
Ligayan,4.6533,119.4706,82.51,76,88,8.68,PH,1650126726
Adrar,20.5022,-10.0711,97.56,7,0,7.54,MR,1650126726
Hong Kong,22.2855,114.1577,72.32,76,98,15.01,HK,1650126625
Mataura,-46.1927,168.8643,41.49,97,81,2.01,NZ,1650126727
Charleston,32.7766,-79.9309,77.09,80,75,13.8,US,1650126511
Muyezerskiy,63.9333,31.65,31.42,88,89,3.85,RU,1650126727
Ribeira Brava,32.65,-17.0667,74.03,44,100,8.79,PT,1650126728
Laas,46.6166,10.7002,57.69,74,14,7.81,IT,1650126728
Ribeira Grande,38.5167,-28.7,64.8,59,40,10.36,PT,1650126728
Mossamedes,-15.1961,12.1522,73.15,77,38,11.88,AO,1650126729
Batagay,67.6333,134.6333,-5.19,100,85,1.39,RU,1650126729
Saint-Philippe,-21.3585,55.7679,78.39,82,59,13.0,RE,1650126730
Florianópolis,-27.6146,-48.5012,73.69,67,75,10.36,BR,1650126730
Kajiado,-1.8524,36.7768,64.0,78,100,15.52,KE,1650126731
Kodino,63.7198,39.6447,31.06,88,98,4.68,RU,1650126731
Lebu,-37.6167,-73.65,60.49,67,1,15.17,CL,1650126731
Bambous Virieux,-20.3428,57.7575,79.05,73,40,12.66,MU,1650126732
Atuona,-9.8,-139.0333,78.85,81,20,18.1,PF,1650126732
Cedar City,37.6775,-113.0619,55.4,30,0,29.93,US,1650126733
Marmaris,36.855,28.2742,66.15,51,74,4.9,TR,1650126600
Alvdal,62.1077,10.6307,40.12,79,47,3.33,NO,1650126733
Saint Paul Harbor,57.79,-152.4072,36.91,87,100,11.5,US,1650126734
Saint-Joseph,-21.3667,55.6167,77.38,82,54,12.68,RE,1650126734
Hilo,19.7297,-155.09,74.28,96,75,3.44,US,1650126735
Bluff,-46.6,168.3333,41.81,65,80,3.51,NZ,1650126735
Tasiilaq,65.6145,-37.6368,37.56,97,100,15.41,GL,1650126736
Ponta do Sol,32.6667,-17.1,74.03,44,100,7.34,PT,1650126736
Teahupoo,-17.8333,-149.2667,69.76,75,20,16.69,PF,1650126736
Anadyr,64.75,177.4833,30.7,80,0,8.95,RU,1650126737
Dingle,10.9995,122.6711,76.01,88,31,5.19,PH,1650126737
Severo-Kuril'sk,50.6789,156.125,30.9,87,100,16.55,RU,1650126738
Ubari,26.5921,12.7805,79.48,17,0,25.14,LY,1650126738
Green River,41.5286,-109.4662,44.19,56,100,1.99,US,1650126518
Kieta,-6.2167,155.6333,78.62,84,100,1.63,PG,1650126739
Kyshtovka,56.555,76.6271,53.4,75,100,7.52,RU,1650126740
Seoul,37.5683,126.9778,45.84,76,0,3.44,KR,1650126637
Manduria,40.4018,17.6335,67.71,58,100,10.45,IT,1650126741
Olafsvik,64.8945,-23.7142,44.13,97,100,12.48,IS,1650126741
Saldanha,-33.0117,17.9442,71.65,63,0,12.82,ZA,1650126742
Mayumba,-3.432,10.6554,80.11,86,61,5.57,GA,1650126742
Solnechnyy,50.7214,136.6319,28.96,97,100,7.29,RU,1650126743
Paoua,7.2427,16.4406,89.4,34,56,6.67,CF,1650126743
Reisterstown,39.4696,-76.8294,74.01,39,83,3.0,US,1650126744
Wanning,18.8003,110.3967,77.18,82,57,7.49,CN,1650126744
Vaini,-21.2,-175.2,77.16,88,40,5.75,TO,1650126745
Kapaa,22.0752,-159.319,73.72,86,75,14.97,US,1650126745
Acapulco de Juárez,16.8634,-99.8901,84.02,65,40,6.91,MX,1650126559
Tuktoyaktuk,69.4541,-133.0374,-13.0,77,20,4.61,CA,1650126746
Lethem,3.3803,-59.7968,89.98,47,99,8.63,GY,1650126746
Itarema,-2.9248,-39.9167,84.45,70,96,7.81,BR,1650126746
Tuatapere,-46.1333,167.6833,42.22,88,87,3.04,NZ,1650126747
Nikolskoye,59.7035,30.7861,42.69,77,10,3.94,RU,1650126747
Metro,-5.1131,105.3067,75.52,91,58,4.09,ID,1650126748
Mar del Plata,-38.0023,-57.5575,65.88,81,20,11.5,AR,1650126748
Kongolo,-5.3833,27.0,73.27,88,100,1.95,CD,1650126749
Bredasdorp,-34.5322,20.0403,60.4,66,43,15.12,ZA,1650126749
Muros,42.7762,-9.0603,76.68,76,65,8.95,ES,1650126749
Srednekolymsk,67.45,153.6833,-1.59,100,100,2.42,RU,1650126750
Honiara,-9.4333,159.95,76.98,88,100,5.23,SB,1650126601
Butaritari,3.0707,172.7902,80.02,80,57,12.5,KI,1650126750
Upernavik,72.7868,-56.1549,-4.85,87,59,16.84,GL,1650126751
Chardara,41.2547,67.9692,71.31,37,100,7.87,KZ,1650126751
Voznesen'ye,61.0106,35.4781,27.23,88,22,2.64,RU,1650126752
Alofi,-19.0595,-169.9187,71.49,94,58,0.0,NU,1650126752
Huangzhai,38.0751,112.6595,46.81,21,22,4.79,CN,1650126752
Tilichiki,60.4667,166.1,15.49,96,95,5.68,RU,1650126753
Cervo,43.6702,-7.4101,61.2,77,100,7.47,ES,1650126753
Port Keats,-14.25,129.55,79.68,71,92,4.45,AU,1650126754
Avarua,-21.2078,-159.775,73.45,100,52,1.14,CK,1650126754
Vestmanna,62.1564,-7.1664,45.52,93,100,18.41,FO,1650126754
Yatou,37.15,122.3833,48.0,37,6,4.54,CN,1650126755
Majene,-3.5403,118.9707,77.49,86,100,6.38,ID,1650126755
Tiksi,71.6872,128.8694,-13.7,100,89,3.85,RU,1650126756
Saint-Augustin,51.226,-58.6502,33.6,99,100,13.0,CA,1650126756
Bubaque,11.2833,-15.8333,75.99,73,18,20.27,GW,1650126757
Touros,-5.1989,-35.4608,86.23,64,72,10.8,BR,1650126731
Elbistan,38.2059,37.1983,57.85,34,6,3.91,TR,1650126757
Les Escoumins,48.1111,-69.0236,36.75,66,27,17.09,CA,1650126757
Jūnāgarh,19.8667,82.9333,86.68,42,81,3.74,IN,1650126758
Vazante,-17.9869,-46.9078,82.09,49,49,1.39,BR,1650126758
Hārij,23.7,71.9,87.31,39,0,10.04,IN,1650126759
Hūn,29.1268,15.9477,79.25,31,20,18.77,LY,1650126759
Sitka,57.0531,-135.33,37.29,75,40,3.44,US,1650126759
São José da Coroa Grande,-8.8978,-35.1478,85.68,68,26,12.06,BR,1650126760
Khatanga,71.9667,102.5,15.64,97,97,3.65,RU,1650126760
Quatre Cocos,-20.2078,57.7625,78.91,80,47,16.93,MU,1650126761
Bestöbe,52.4994,73.0975,60.42,48,100,13.53,KZ,1650126761
Belmonte,-15.8631,-38.8828,75.67,91,100,12.97,BR,1650126761
Iqaluit,63.7506,-68.5145,6.53,71,75,2.3,CA,1650126762
Ibanda,-2.7974,32.4746,67.89,85,91,6.29,TZ,1650126762
Saskylakh,71.9167,114.0833,10.72,93,100,11.92,RU,1650126763
Egvekinot,66.3167,-179.1667,11.95,91,100,14.05,RU,1650126763
Gigmoto,13.7796,124.39,77.99,82,34,5.01,PH,1650126764
Constitución,-35.3333,-72.4167,63.88,56,0,7.9,CL,1650126698
Mahébourg,-20.4081,57.7,79.09,73,40,12.66,MU,1650126726
Talara,-4.5772,-81.2719,77.76,61,0,17.27,PE,1650126764
Chokurdakh,70.6333,147.9167,-13.58,100,99,2.66,RU,1650126765
Kyrylivka,46.3759,35.3675,48.06,84,100,12.88,UA,1650126765
Toba,34.4833,136.85,53.6,65,97,3.0,JP,1650126766
Kano,12.0001,8.5167,93.15,29,87,2.39,NG,1650126766
San Juan,-31.5375,-68.5364,75.06,31,2,9.8,AR,1650126767
Lagoa,39.05,-27.9833,59.68,69,94,6.62,PT,1650126767
Esperance,-33.8667,121.9,62.44,71,94,16.62,AU,1650126727
Rampur Hat,24.1667,87.7833,85.42,60,29,10.04,IN,1650126768
Lewistown,40.5992,-77.5714,65.8,76,75,11.5,US,1650126768
Huautla,21.0333,-98.2833,87.8,49,61,7.85,MX,1650126769
Provideniya,64.3833,-173.3,29.34,95,100,14.99,RU,1650126769
Mayor Pablo Lagerenza,-19.9309,-60.7718,80.69,29,71,8.43,PY,1650126769
Tàrrega,41.647,1.1396,80.15,43,0,7.02,ES,1650126770
Mâncio Lima,-7.6142,-72.8958,78.87,83,75,3.44,BR,1650126770
Maniitsoq,65.4167,-52.9,23.97,53,1,3.18,GL,1650126771
Pevek,69.7008,170.3133,3.58,97,100,3.65,RU,1650126771
Puerto Ayora,-0.7393,-90.3518,78.76,78,68,7.78,EC,1650126771
Hithadhoo,-0.6,73.0833,83.48,64,99,3.09,MV,1650126743
Sekoma,-24.4,23.8833,62.89,81,27,8.72,BW,1650126772
Khalkhāl,37.6189,48.5258,35.76,80,75,5.12,IR,1650126772
Kununurra,-15.7667,128.7333,75.18,94,39,0.0,AU,1650126773
Shumikha,55.2261,63.2961,38.5,76,33,10.94,RU,1650126773
Rocha,-34.4833,-54.3333,67.93,56,87,5.68,UY,1650126774
Dikson,73.5069,80.5464,12.96,94,100,15.41,RU,1650126774
Acarí,-15.4311,-74.6158,76.28,60,100,9.91,PE,1650126775
East London,-33.0153,27.9116,61.74,88,20,2.3,ZA,1650126775
Tura,25.5198,90.2201,70.56,67,2,7.45,IN,1650126775
Beringovskiy,63.05,179.3167,28.54,96,100,19.71,RU,1650126776
Isangel,-19.55,169.2667,79.12,83,30,5.44,VU,1650126776
Hervey Bay,-25.2986,152.8535,69.26,68,43,12.35,AU,1650126777
Barcelos,41.5388,-8.6151,73.92,62,58,8.01,PT,1650126777
Quepos,9.4236,-84.1652,86.02,67,67,5.82,CR,1650126613
Buala,-8.145,159.5921,79.23,83,100,5.68,SB,1650126778
Ilulissat,69.2167,-51.1,17.62,62,75,8.05,GL,1650126778
Bathsheba,13.2167,-59.5167,86.61,58,20,25.32,BB,1650126779
Bauchi,10.5,10.0,88.59,37,96,6.46,NG,1650126779
Port Elizabeth,-33.918,25.5701,63.1,74,0,5.75,ZA,1650126780
Kalemie,-5.9475,29.1947,71.29,87,54,1.1,CD,1650126780
Ruangwa,-10.0667,38.9333,71.49,98,42,3.83,TZ,1650126781
Tiznit Province,29.5833,-9.5,84.15,14,29,0.98,MA,1650126781
Cabo San Lucas,22.8909,-109.9124,84.61,42,75,5.75,MX,1650126666
Kaitangata,-46.2817,169.8464,41.95,89,59,3.98,NZ,1650126782
Haimen,23.1935,116.6142,66.09,69,98,23.91,CN,1650126782
Avera,33.194,-82.5271,62.65,88,100,6.67,US,1650126783
Medeiros Neto,-17.3739,-40.2206,74.7,76,100,7.14,BR,1650126783
Korla,41.7597,86.1469,53.26,12,0,3.29,CN,1650126783
Luanda,-8.8368,13.2343,78.96,85,90,13.98,AO,1650126784
Kaeo,-35.1,173.7833,60.33,96,100,11.01,NZ,1650126784
Baykit,61.67,96.37,38.01,98,100,4.09,RU,1650126785
Shubarkuduk,49.1447,56.4872,49.84,70,100,4.21,KZ,1650126785
Fort-Shevchenko,44.5086,50.263,52.77,74,1,7.45,KZ,1650126785
Arraial do Cabo,-22.9661,-42.0278,76.96,65,40,17.27,BR,1650126786
Coquimbo,-29.9533,-71.3436,62.33,67,0,11.5,CL,1650126697
Kavaratti,10.5669,72.642,84.54,73,32,5.88,IN,1650126490
Porvoo,60.3923,25.6651,45.1,63,100,3.74,FI,1650126787
Formosa,-26.1775,-58.1781,73.38,53,0,3.44,AR,1650126787
Port Lincoln,-34.7333,135.8667,66.07,75,55,13.33,AU,1650126787
Pilar,-9.5972,-35.9567,87.73,60,40,12.06,BR,1650126788
Te Anau,-45.4167,167.7167,39.38,94,42,1.95,NZ,1650126788
Saryagash,41.4511,69.1701,75.16,43,88,4.74,KZ,1650126789
New Norfolk,-42.7826,147.0587,52.92,75,92,2.91,AU,1650126789
Mehamn,71.0357,27.8492,38.95,97,100,33.02,NO,1650126789
Pisco,-13.7,-76.2167,73.45,60,0,16.11,PE,1650126790
Charyshskoye,51.3978,83.5598,51.28,65,1,4.18,RU,1650126790
Carutapera,-1.195,-46.02,83.43,74,95,4.97,BR,1650126791
Talnakh,69.4865,88.3972,25.21,93,100,2.93,RU,1650126786
Bengkulu,-3.8004,102.2655,77.76,88,91,4.12,ID,1650126779
Airai,-8.9266,125.4092,59.79,95,93,2.55,TL,1650126792
Kruisfontein,-34.0033,24.7314,60.89,67,91,9.75,ZA,1650126792
Yellowknife,62.456,-114.3525,3.72,60,40,6.91,CA,1650126772
Iracoubo,5.4802,-53.2011,82.27,69,71,10.18,GF,1650126793
Nichinan,31.6,131.3667,57.54,58,100,8.03,JP,1650126793
George Town,5.4112,100.3354,84.13,87,20,5.01,MY,1650126623
Grand-Santi,4.25,-54.3833,86.58,59,84,4.43,GF,1650126557
Yerbogachën,61.2767,108.0108,33.71,99,100,6.02,RU,1650126783
Sechura,-5.5569,-80.8222,78.71,57,67,8.97,PE,1650126794
Qeshm,26.9581,56.2719,84.09,63,96,24.63,IR,1650126795
Takoradze,4.8845,-1.7554,78.78,85,100,4.14,GH,1650126795
Hambantota,6.1241,81.1185,81.23,80,32,7.83,LK,1650126796
Jacareacanga,-6.2222,-57.7528,84.67,75,100,3.8,BR,1650126796
Saint-Pierre,-21.3393,55.4781,78.48,74,20,12.66,RE,1650126796
Krasnyy Kut,50.95,46.9667,54.99,61,97,7.85,RU,1650126797
Bolshaya Sosnova,57.6713,54.6029,31.12,83,100,5.68,RU,1650126797
Tlachichuca,19.1,-97.4167,72.77,22,12,5.41,MX,1650126798
San Cristobal,7.7669,-72.225,80.78,48,90,9.8,VE,1650126798
Kahului,20.8947,-156.47,73.85,91,40,13.8,US,1650126799
Nuuk,64.1835,-51.7216,27.21,68,0,6.91,GL,1650126799
Yuanping,38.7153,112.7575,51.06,14,20,2.04,CN,1650126800
Krieglach,47.5333,15.55,46.49,86,62,8.12,AT,1650126800
Caravelas,-17.7125,-39.2481,79.05,67,100,11.86,BR,1650126754
Ekhabi,53.5102,142.9671,26.17,91,100,10.98,RU,1650126801
Muhafazat Lahij,13.1667,44.5833,80.96,43,5,4.88,YE,1650126801
Russkiy,43.0147,131.8642,44.46,58,99,6.29,RU,1650126802
Hirara,24.8,125.2833,70.16,63,93,16.93,JP,1650126802
Ndjolé,-0.1783,10.7649,79.7,89,94,1.99,GA,1650126802
North Bend,43.4065,-124.2243,49.06,80,100,11.5,US,1650126803
Bandarbeyla,9.4942,50.8122,82.71,77,74,11.03,SO,1650126803
Port Shepstone,-30.7414,30.455,63.82,78,100,2.86,ZA,1650126744
West Bay,19.3667,-81.4167,86.0,73,75,6.91,KY,1650126804
Arrondissement d'Ajaccio,42.0,8.9167,66.25,77,0,10.36,FR,1650126805
Eureka,40.8021,-124.1637,47.19,74,77,4.0,US,1650126805
Hasaki,35.7333,140.8333,41.4,65,63,8.57,JP,1650126806
Cidreira,-30.1811,-50.2056,68.14,57,99,5.1,BR,1650126564
Waipawa,-41.4122,175.5153,49.35,79,61,6.26,NZ,1650126806
Câmara de Lobos,32.6333,-16.9667,74.03,40,20,18.41,PT,1650126807
Kachug,53.9606,105.8817,33.73,89,75,2.51,RU,1650126807
Kavieng,-2.5744,150.7967,81.57,80,88,7.81,PG,1650126751
Faya,18.3851,42.4509,69.91,41,11,3.96,SA,1650126808
Sørland,67.667,12.6934,42.53,95,98,12.64,NO,1650126808
San Patricio,28.017,-97.5169,81.18,76,100,13.35,US,1650126809
Kempele,64.9131,25.5034,41.02,48,0,6.91,FI,1650126809
Linköping,58.4109,15.6216,54.79,36,0,13.8,SE,1650126810
Zemio,5.0314,25.1361,77.18,67,71,2.62,CF,1650126810
Berdigestyakh,62.0989,126.6992,5.2,100,85,2.15,RU,1650126811
Paamiut,61.994,-49.6678,29.35,69,3,17.13,GL,1650126789
Roald,62.5833,6.1333,54.52,76,0,10.36,NO,1650126811
Alice Springs,-23.7,133.8833,74.75,32,7,6.91,AU,1650126811
Province of Mantua,45.1667,10.7833,65.01,71,52,7.0,IT,1650126812
Lata,40.1629,-8.3327,58.82,48,18,8.7,PT,1650126812
Toamasina,-18.1667,49.3833,78.8,83,40,4.61,MG,1650126813
Saint George,37.1041,-113.5841,72.25,23,0,8.05,US,1650126629
Hofn,64.2539,-15.2082,46.06,98,100,11.99,IS,1650126813
Banda Aceh,5.5577,95.3222,81.37,78,32,2.3,ID,1650126814
Mandalgovi,45.7625,106.2708,36.95,44,99,9.71,MN,1650126814
Rafsanjān,30.4067,55.9939,78.04,14,94,17.31,IR,1650126815
Cockburn Town,21.4612,-71.1419,77.5,80,99,22.12,TC,1650126718
Chara,56.9064,118.2631,12.0,80,98,2.26,RU,1650126731
Pelym,61.0108,61.9978,30.16,98,100,3.71,RU,1650126816
North Battleford,52.7834,-108.2847,30.4,29,0,8.05,CA,1650126789
Bayan,46.0833,127.4,38.88,27,19,2.66,CN,1650126816
São Filipe,14.8961,-24.4956,71.91,76,3,12.73,CV,1650126775
Arlit,18.7369,7.3853,91.33,8,88,15.05,NE,1650126817
Surazh,53.0175,32.3918,36.99,93,100,10.29,RU,1650126817
Sisimiut,66.9395,-53.6735,22.35,47,0,6.76,GL,1650126818
Kasongo-Lunda,-6.4667,16.8167,75.43,86,52,1.25,CD,1650126818
Mthatha,-31.5889,28.7844,54.16,94,75,3.44,ZA,1650126819
Kloulklubed,7.0419,134.2556,73.9,74,99,3.11,PW,1650126799
Mount Gambier,-37.8333,140.7667,58.91,82,99,10.36,AU,1650126576
Quesnel,52.9999,-122.5029,28.9,59,0,0.0,CA,1650126612
Darnah,32.767,22.6367,63.86,80,88,17.76,LY,1650126819
Salalah,17.0151,54.0924,82.49,83,0,8.05,OM,1650126820
Vilhena,-12.7406,-60.1458,80.82,74,75,4.61,BR,1650126820
Souillac,-20.5167,57.5167,79.18,73,40,12.66,MU,1650126773
Sinjār,36.3209,41.8754,63.54,31,3,7.27,IQ,1650126821
Vardø,70.3705,31.1107,37.96,80,100,24.58,NO,1650126779
Pasni,25.2631,63.471,80.37,87,20,1.9,PK,1650126821
Lavrentiya,65.5833,-171.0,24.57,96,100,10.51,RU,1650126822
Santa Cruz de La Palma,28.6835,-17.7642,71.74,68,75,12.66,ES,1650126822
Havre-St-Pierre,50.2334,-63.5986,35.96,100,100,9.22,CA,1650126823
Vitorino Freire,-4.0667,-45.1667,85.95,72,91,1.45,BR,1650126823
Katherine,-14.4667,132.2667,75.52,69,90,5.75,AU,1650126824
Le Port,-20.9373,55.2919,78.8,62,50,6.33,RE,1650126824
Sarangani,5.4033,125.4636,81.45,72,38,2.28,PH,1650126825
Gorodishche,48.8045,44.4744,56.28,62,0,11.18,RU,1650126825
Pangnirtung,66.1451,-65.7125,3.2,72,20,5.75,CA,1650126825
Yurginskoye,56.8189,67.3921,41.45,81,69,13.94,RU,1650126826
Port-Cartier,50.0334,-66.8654,39.42,85,55,13.85,CA,1650126826
Cairns,-16.9167,145.7667,73.35,78,100,8.05,AU,1650126688
Silifke,36.3778,33.9344,63.34,61,20,1.54,TR,1650126827
Thompson,55.7435,-97.8558,15.96,57,75,9.22,CA,1650126740
San Joaquin,37.9333,-121.3011,59.13,88,100,9.6,US,1650126828
Vanimo,-2.6741,141.3028,78.12,88,62,2.66,PG,1650126564
Caxito,-8.5785,13.6643,79.05,82,56,6.82,AO,1650126828
Heihe,50.2441,127.4902,36.18,72,36,15.35,CN,1650126829
Cherskiy,68.75,161.3,14.47,97,100,8.43,RU,1650126791
Sefophe,-22.1833,27.9667,66.38,78,97,17.6,BW,1650126829
Vila Franca do Campo,37.7167,-25.4333,64.81,74,100,6.67,PT,1650126830
Daru,-9.0763,143.2092,79.32,86,79,8.01,PG,1650126830
Ukholovo,53.7929,40.4892,43.72,98,100,7.56,RU,1650126831
Bethel,41.3712,-73.414,66.88,46,0,8.05,US,1650126831
Hobyo,5.3505,48.5268,83.46,72,42,15.08,SO,1650126831
Richards Bay,-28.783,32.0377,66.54,81,100,9.95,ZA,1650126781
Prymors'k,46.7348,36.3443,48.07,85,100,7.81,UA,1650126832
Honningsvåg,70.9821,25.9704,40.75,87,75,25.32,NO,1650126832
Ulladulla,-35.35,150.4667,58.1,92,2,4.81,AU,1650126833
Udachny,66.4167,112.4,26.46,79,100,9.37,RU,1650126833
Yarensk,62.1675,49.0916,25.12,93,99,3.29,RU,1650126834
Madang,-5.2246,145.7966,76.32,90,71,2.33,PG,1650126834
Dokka,60.84,10.0618,46.11,89,30,0.81,NO,1650126835
Pa Sang,18.5262,98.9394,92.03,38,79,3.78,TH,1650126835
Riyadh,24.6877,46.7219,84.34,28,88,17.11,SA,1650126835
Ahipara,-35.1667,173.1667,64.06,82,71,10.09,NZ,1650126836
Red Bluff,40.1785,-122.2358,55.85,87,100,3.44,US,1650126836
Kilindoni,-7.9139,39.6668,81.84,81,91,14.34,TZ,1650126837
Lālsot,26.5667,76.3333,88.11,8,0,6.93,IN,1650126837
Sola,-13.8833,167.55,81.57,72,100,2.64,VU,1650126837
Ambilobe,-13.2,49.05,76.93,80,33,5.28,MG,1650126838
Geraldton,-28.7667,114.6,68.41,73,90,14.97,AU,1650126645
Mengcheng,33.2579,116.5655,45.59,57,85,4.74,CN,1650126838
Vallenar,-28.5708,-70.7581,76.98,28,0,5.48,CL,1650126624
Pak Phanang,8.3511,100.202,82.99,78,69,5.12,TH,1650126839
Narsaq,60.9167,-46.05,39.42,63,1,1.72,GL,1650126840
Djougou,9.7085,1.666,80.96,58,100,2.86,BJ,1650126840
Klaksvík,62.2266,-6.589,47.32,91,96,18.43,FO,1650126795
Fortuna,40.5982,-124.1573,46.92,90,100,6.91,US,1650126841
Shīeli,44.1667,66.75,72.64,27,99,15.84,KZ,1650126841
Eenhana,-17.4667,16.3333,78.12,49,100,3.44,NA,1650126842
Anori,-3.7728,-61.6442,86.14,62,100,1.9,BR,1650126842
Guerrero Negro,27.9769,-114.0611,65.52,67,91,16.98,MX,1650126843
Nome,64.5011,-165.4064,30.27,86,100,19.57,US,1650126764
Sept-Îles,50.2001,-66.3821,39.72,81,75,11.5,CA,1650126843
Djebeniana,35.035,10.9081,67.8,47,26,23.33,TN,1650126844
Kaniama,-7.5667,24.1833,71.56,87,71,3.11,CD,1650126844
Vera Cruz,-12.6333,-41.0333,78.37,79,83,5.06,BR,1650126844
Lompoc,34.6391,-120.4579,61.79,86,100,13.0,US,1650126759
Kita,13.0349,-9.4895,102.96,12,38,7.9,ML,1650126845
Chui,-33.6971,-53.4616,67.23,54,100,6.13,UY,1650126845
Moose Factory,51.2585,-80.6094,30.2,80,100,16.11,CA,1650126846
Yarmouth,41.7057,-70.2286,63.07,70,0,19.57,US,1650126846
Half Moon Bay,37.4636,-122.4286,59.32,93,100,6.91,US,1650126847
Mount Isa,-20.7333,139.5,78.57,27,40,5.75,AU,1650126847
Zasheyek,67.4066,32.5499,31.69,85,96,5.12,RU,1650126848
Brae,60.3964,-1.353,46.51,92,100,17.58,GB,1650126848
Lianran,24.9227,102.485,63.14,57,21,5.08,CN,1650126849
Leningradskiy,69.3833,178.4167,-5.48,99,77,6.46,RU,1650126556
Gatton,-27.55,152.2833,61.65,94,21,3.18,AU,1650126849
Bonthe,7.5264,-12.505,84.83,60,33,14.74,SL,1650126792
Diffa,13.3154,12.6113,99.72,18,76,3.22,NE,1650126850
Kupang,-10.1667,123.5833,78.28,83,94,7.29,ID,1650126850
Goderich,43.7501,-81.7165,36.91,60,2,10.36,CA,1650126851
Port Blair,11.6667,92.75,80.64,83,20,2.3,IN,1650126851
Los Llanos de Aridane,28.6585,-17.9182,67.75,68,75,12.66,ES,1650126852
Hamilton,39.1834,-84.5333,59.72,78,100,11.5,US,1650126852
Ola,59.5833,151.2833,2.14,82,10,7.67,RU,1650126853
Midland,31.9974,-102.0779,70.92,31,0,23.02,US,1650126853
Manacapuru,-3.2997,-60.6206,86.2,62,99,1.74,BR,1650126853
Témiscaming,46.7212,-79.0971,33.35,44,75,6.91,CA,1650126854
Nanortalik,60.1432,-45.2371,32.31,76,6,10.67,GL,1650126785
Umm Kaddadah,13.6017,26.6876,88.92,6,94,10.42,SD,1650126855
Vidim,56.4088,103.1106,33.35,97,100,3.51,RU,1650126855
Araguaína,-7.1911,-48.2072,87.33,58,29,4.92,BR,1650126856
Okato,-39.2,173.8833,52.92,87,27,5.14,NZ,1650126856
Sainte-Suzanne,-20.9061,55.6089,79.02,76,100,17.27,RE,1650126857
Bontang,0.1333,117.5,74.46,91,100,3.91,ID,1650126857
Bambanglipuro,-7.95,110.2833,78.06,88,72,2.73,ID,1650126858
Nieves,15.3274,120.9485,81.91,82,97,3.44,PH,1650126858
Codrington,-38.2667,141.9667,67.28,43,93,15.59,AU,1650126859
Fairbanks,64.8378,-147.7164,21.54,48,0,10.36,US,1650126662
Manokwari,-0.8667,134.0833,78.53,81,58,2.51,ID,1650126859
Portland,45.5234,-122.6762,46.69,75,20,6.91,US,1650126438
Shimsk,58.212,30.7127,35.71,73,72,7.38,RU,1650126860
Bocas del Toro,9.3333,-82.25,82.71,69,83,7.81,PA,1650126860
Corn Island,12.1694,-83.0418,80.28,72,68,11.5,NI,1650126861
Toguchin,55.2353,84.3858,47.91,68,85,7.45,RU,1650126861
Florence,43.7667,11.25,71.28,39,0,19.57,IT,1650126802
Bien Hoa,10.95,106.8167,78.78,81,66,6.6,VN,1650126844
Kalmunai,7.4167,81.8167,80.1,86,56,12.21,LK,1650126862
Itoman,26.1247,127.6694,66.22,67,0,11.5,JP,1650126862
Xining,36.6167,101.7667,40.14,62,90,4.9,CN,1650126863
Maceió,-9.6658,-35.7353,89.04,62,75,10.36,BR,1650126863
Saiha,22.4833,92.9667,63.66,93,10,3.94,IN,1650126864
Menongue,-14.6585,17.691,67.35,84,57,5.26,AO,1650126864
Catuday,16.2923,119.8062,80.11,69,40,2.71,PH,1650126864
Umluj,25.0213,37.2685,77.92,64,0,7.47,SA,1650126865
Xiongyue,40.1774,122.1228,49.37,40,0,6.38,CN,1650126865
Juba,4.8517,31.5825,73.49,78,100,2.1,SS,1650126611
Teshie,5.5836,-0.1072,82.96,78,20,8.05,GH,1650126866
Pangody,65.85,74.4859,17.71,92,100,17.63,RU,1650126866
Imeni Poliny Osipenko,52.4201,136.4853,26.1,89,100,15.73,RU,1650126867
Peniche,39.3558,-9.3811,71.08,79,47,13.78,PT,1650126867
High Level,58.5169,-117.136,23.11,63,75,12.66,CA,1650126620
Kyren,51.6828,102.1408,36.5,67,18,3.2,RU,1650126868
La Santisima Trinidad,-14.8333,-64.9,84.18,54,20,4.61,BO,1650126868
Bairiki Village,1.3292,172.9752,78.8,94,20,2.3,KI,1650126869
Husavik,66.0449,-17.3389,47.59,77,98,12.15,IS,1650126869
Kurumkan,54.3,110.3,32.52,73,77,3.56,RU,1650126869
Sungai Penuh,-2.0833,101.3833,66.85,97,100,1.68,ID,1650126870
Bayir,37.2687,28.2167,68.52,43,28,5.39,TR,1650126870
Cotacachi,0.3,-78.2667,69.35,68,87,3.91,EC,1650126871
Ouésso,1.6136,16.0517,81.84,65,98,0.43,CG,1650126871
Sur,22.5667,59.5289,88.36,44,5,7.07,OM,1650126872
Wadena,46.4425,-95.1361,29.95,58,0,13.8,US,1650126872
San Ramon,37.7799,-121.978,57.72,93,100,9.22,US,1650126802
Calama,-22.4667,-68.9333,68.49,9,0,16.11,CL,1650126623
Fiumicino,41.7675,12.2291,74.32,49,0,9.22,IT,1650126873
Haines Junction,60.7522,-137.5108,19.35,68,100,0.0,CA,1650126873
Moussoro,13.6408,16.4901,98.33,22,49,11.65,TD,1650126873
Salekhard,66.53,66.6019,11.26,90,98,5.99,RU,1650126838
Palembang,-2.9167,104.7458,80.69,83,40,5.75,ID,1650126874
Trairi,-3.2778,-39.2689,84.87,69,92,7.87,BR,1650126874
Sakakah,29.9697,40.2064,81.97,6,22,9.8,SA,1650126875
Itaberaba,-12.5275,-40.3069,84.42,68,81,3.4,BR,1650126875
Nortelândia,-14.4547,-56.8028,86.99,56,73,4.07,BR,1650126876
Marabu,4.4148,114.0089,78.94,94,20,3.44,MY,1650126876
Adré,13.4667,22.2,89.85,15,32,4.36,TD,1650126876
Shimokizukuri,40.8061,140.3861,36.95,86,0,7.78,JP,1650126877
Bundaberg,-24.85,152.35,66.49,86,40,9.22,AU,1650126877
Tortolì,39.9256,9.6572,67.82,45,20,10.36,IT,1650126878
Parkes,-33.1333,148.1833,61.36,61,0,1.01,AU,1650126878
Caucayá,-0.1934,-74.7819,87.76,58,100,2.82,CO,1650126878
Kayseri Province,38.737,35.4968,57.22,38,0,1.14,TR,1650126879
Kisangani,0.5167,25.2,73.56,87,100,3.09,CD,1650126879
Aklavik,68.2191,-135.0107,-4.0,71,20,4.61,CA,1650126880
Dalbandin,28.8947,64.4101,86.47,15,92,8.48,PK,1650126880
Lorengau,-2.0226,147.2712,80.64,81,83,2.66,PG,1650126880
Vestmannaeyjar,63.4427,-20.2734,47.39,100,100,16.11,IS,1650126881
Victor Harbor,-35.5667,138.6167,73.69,45,23,11.99,AU,1650126881
Iquique,-20.2208,-70.1431,68.04,65,9,7.31,CL,1650126787
Mabaruma,8.2,-59.7833,86.27,56,87,8.14,GY,1650126882
Bac Lieu,9.285,105.7244,81.79,78,26,6.69,VN,1650126882
Tottori-shi,35.5,134.2333,43.63,63,57,5.53,JP,1650126883
Lima,-12.0432,-77.0282,69.39,63,40,6.91,PE,1650126879
Marsh Harbour,26.5412,-77.0636,77.4,70,39,9.93,BS,1650126793
Bokoro,12.3807,17.0568,95.07,29,95,5.97,TD,1650126884
Marsaxlokk,35.8419,14.5431,61.09,88,100,16.11,MT,1650126884
Calderitas,18.55,-88.25,86.11,66,40,17.27,MX,1650126885
Tigil',57.8,158.6667,2.5,100,77,2.3,RU,1650126885
Puerto Suárez,-18.95,-57.8,86.36,54,40,5.75,BO,1650126885
Neryungri,56.6709,124.6491,5.65,99,74,2.89,RU,1650126886
Taldan,53.6667,124.8,25.03,62,15,8.37,RU,1650126886
Kichera,55.9375,110.0997,28.02,83,93,2.13,RU,1650126887
Smithers,54.7804,-127.1743,26.92,59,0,4.61,CA,1650126887
Revda,56.801,59.9303,31.21,82,100,9.04,RU,1650126887
Gunnedah,-30.9833,150.25,56.07,81,0,5.75,AU,1650126888
Turaif,31.6725,38.6637,75.45,13,0,11.5,SA,1650126888
Zhalantun,48.0,122.7167,34.84,35,69,3.85,CN,1650126889
Mormugao,15.4,73.8,81.66,65,40,3.44,IN,1650126889
Ostrovnoy,68.0531,39.5131,32.18,82,100,10.07,RU,1650126798
Charters Towers,-20.1,146.2667,65.62,91,30,8.19,AU,1650126890
Gashua,12.871,11.0482,99.81,19,66,2.89,NG,1650126890
Eirunepé,-6.6603,-69.8736,80.58,87,87,3.56,BR,1650126823
Padina,45.1181,20.7272,58.86,82,91,14.29,RS,1650126891
Yumen,40.2833,97.2,42.69,19,15,16.98,CN,1650126891
Gibara,21.1097,-76.1317,83.52,76,99,12.66,CU,1650126891
Yichang,30.7144,111.2847,53.28,79,96,2.98,CN,1650126892
Copiapó,-27.3667,-70.3333,60.49,30,0,7.0,CL,1650126892
Grindavik,63.8424,-22.4338,49.95,100,100,16.11,IS,1650126893
Singkang,2.1006,102.7994,76.5,85,91,1.72,MY,1650126893
Zuénoula,7.4292,-6.0431,88.5,51,95,1.36,CI,1650126894
Dhārchula,29.85,80.5333,64.02,35,63,8.03,IN,1650126894
Kathu,7.9178,98.3332,88.7,67,91,9.6,TH,1650126894
Piranhas,-16.4269,-51.8222,86.45,44,22,5.17,BR,1650126895
Oyëk,52.5861,104.4556,39.58,71,88,2.82,RU,1650126895
Kadhan,24.481,68.9859,83.93,65,2,18.37,PK,1650126896
Zliten,32.4674,14.5687,63.16,79,8,18.41,LY,1650126896
Idar-Oberstein,49.7,7.3,58.24,48,9,9.53,DE,1650126897
Whitefish,48.4111,-114.3376,32.0,49,0,9.22,US,1650126897
Mouila,-1.8685,11.0559,78.78,89,86,3.15,GA,1650126897
Moctezuma,29.8,-109.6667,80.71,7,100,5.75,MX,1650126898
Katsuura,35.1333,140.3,52.74,71,89,10.49,JP,1650126828
Novo Aripuanã,-5.1206,-60.3797,85.3,73,87,2.37,BR,1650126898
Rincon,32.296,-81.2354,75.85,78,100,8.05,US,1650126857
Glen Allen,37.666,-77.5064,73.42,47,0,13.8,US,1650126899
Lingyuan,41.24,119.4011,49.19,23,0,3.67,CN,1650126899
Marovoay,-16.1,46.6333,82.31,65,17,5.95,MG,1650126900
Rockland,41.1668,-74.0496,68.72,44,100,1.99,US,1650126900
Forsytheganj,52.6333,29.7333,38.7,76,96,9.1,BY,1650126901
Davila,18.4726,120.5763,78.37,80,7,19.48,PH,1650126784
Iquitos,-3.7481,-73.2472,80.64,83,75,6.91,PE,1650126861
Douglas,41.3,-96.167,39.65,46,0,13.8,US,1650126901
Chagoda,59.164,35.3285,30.31,90,68,5.57,RU,1650126902
Atar,20.5169,-13.0499,99.28,5,0,13.27,MR,1650126903
Panguna,-6.3164,155.4848,68.41,96,100,1.43,PG,1650126904
Porto Santo,33.072,-16.3415,70.18,56,20,19.57,PT,1650126904
Vila,42.0304,-8.1588,68.7,47,89,3.83,PT,1650126905
Cooma,-36.2333,149.1333,38.97,100,5,0.0,AU,1650126905
Mānsa,29.9833,75.3833,86.4,13,0,8.43,IN,1650126906
Comodoro Rivadavia,-45.8667,-67.5,60.66,41,0,12.66,AR,1650126708
Rio Grande,-32.035,-52.0986,75.31,54,100,6.51,BR,1650126753
Nagato,34.3833,131.2,48.2,57,98,3.06,JP,1650126906
Nemuro,43.3236,145.575,32.34,74,5,6.55,JP,1650126907
Broome,42.2506,-75.833,45.66,74,100,13.8,US,1650126908
Lüderitz,-26.6481,15.1594,66.27,61,0,12.5,NA,1650126802
Mahajanga,-15.7167,46.3167,82.42,74,20,3.44,MG,1650126908
Cacoal,-11.4386,-61.4472,84.07,73,69,3.06,BR,1650126908
Mana,5.6592,-53.7767,82.24,70,67,11.01,GF,1650126909
San Policarpo,12.1791,125.5072,79.09,80,22,4.61,PH,1650126909
Namatanai,-3.6667,152.4333,79.07,83,98,3.76,PG,1650126910
Moissac,44.1024,1.0945,75.07,57,0,10.38,FR,1650126910
Port Pirie,-33.1833,138.0167,71.69,39,0,10.63,AU,1650126911
Derzhavīnsk,51.1,66.3167,51.46,65,97,4.88,KZ,1650126911
Coyhaique,-45.5752,-72.0662,54.21,59,50,2.35,CL,1650126912
Manado,1.487,124.8455,75.97,94,40,2.3,ID,1650126912
Usinsk,65.9939,57.5281,15.93,90,74,7.92,RU,1650126912
Nishihara,26.1842,127.7558,65.48,70,0,11.5,JP,1650126913
Osinki,52.8432,49.5132,48.9,68,99,8.43,RU,1650126913
Laguna,38.421,-121.4238,59.29,90,75,16.11,US,1650126745
Voh,-20.9667,164.7,69.85,88,2,3.76,NC,1650126914
Zhangjiakou Shi Xuanhua Qu,40.6103,115.0447,53.31,17,66,2.19,CN,1650126914
Khani,41.9563,42.9566,47.77,76,37,6.11,GE,1650126915
Tessalit,20.1986,1.0114,84.99,11,57,16.58,ML,1650126915
Talcahuano,-36.7167,-73.1167,60.48,63,0,5.75,CL,1650126915
Teya,60.3778,92.6267,44.1,95,100,11.63,RU,1650126916
Aswān,24.0934,32.907,99.7,6,0,6.91,EG,1650126916
Kuytun,54.3419,101.5036,42.33,83,100,5.19,RU,1650126917
Ambon City,-3.6954,128.1814,78.94,94,40,5.75,ID,1650126917
Tupik,54.4253,119.9327,16.9,75,17,2.73,RU,1650126918
Martapura,-3.4167,114.85,73.49,100,20,4.61,ID,1650126918
Ponta Delgada,37.7333,-25.6667,65.12,72,75,8.05,PT,1650126918
Karratha,-20.7377,116.8463,84.09,47,14,8.03,AU,1650126919
Beira,-19.8436,34.8389,82.49,83,40,16.11,MZ,1650126919
Jiuquan,39.7432,98.5174,45.95,15,2,24.94,CN,1650126920
Kjøllefjord,70.9457,27.3465,41.05,96,100,31.52,NO,1650126920
Vila Velha,-20.3297,-40.2925,82.35,60,20,17.27,BR,1650126920
Koygorodok,60.445,50.9968,22.1,94,93,2.66,RU,1650126921
De Aar,-30.6497,24.0123,57.02,70,90,20.15,ZA,1650126921
Ghoti,19.7168,73.6245,78.75,38,0,2.93,IN,1650126922
Okha,53.5739,142.9478,26.65,90,100,11.3,RU,1650126922
Camacha,33.0833,-16.3333,67.42,56,20,19.57,PT,1650126922
Marathon,44.9,-89.7668,29.73,58,100,18.41,US,1650126923
Preiļi,56.2944,26.7246,37.72,72,98,7.67,LV,1650126923
Zholymbet,51.7433,71.7122,58.3,55,100,8.97,KZ,1650126924
Guadalajara,20.6667,-103.3333,78.57,25,0,0.0,MX,1650126924
Ridgecrest,35.6225,-117.6709,67.01,35,0,18.41,US,1650126824
Mitsamiouli,-11.3847,43.2844,82.69,75,7,5.79,KM,1650126925
Theunissen,-28.411,26.7011,53.69,87,97,15.46,ZA,1650126925
Grand Gaube,-20.0064,57.6608,79.2,80,17,5.99,MU,1650126925
Altamira,-3.2033,-52.2064,86.09,74,75,4.61,BR,1650126926
Ocotepec,17.2167,-93.15,76.03,56,39,4.0,MX,1650126926
Vitim,59.4511,112.5578,25.57,96,100,4.83,RU,1650126927
Hinton,53.4001,-117.5857,29.32,66,99,2.8,CA,1650126927
Río Gallegos,-51.6226,-69.2181,50.05,66,0,1.14,AR,1650126927
Aginskoye,51.1,114.53,32.58,45,97,6.93,RU,1650126928
Mocuba,-16.8392,36.9856,72.07,98,59,4.43,MZ,1650126928
Ambatofinandrahana,-20.55,46.8,62.26,92,15,4.99,MG,1650126929
Christchurch,-43.5333,172.6333,54.95,70,100,2.3,NZ,1650126905
Mgandu,-5.95,34.1333,64.33,84,96,5.95,TZ,1650126929
Marfino,55.7028,37.3822,37.54,74,100,20.13,RU,1650126930
Meulaboh,4.1363,96.1285,78.8,86,42,2.57,ID,1650126930
Baykal'sk,51.5058,104.1469,37.38,78,80,10.89,RU,1650126930
Chekhov,55.1431,37.4711,35.85,91,100,15.14,RU,1650126931
Fukuechō,32.6881,128.8419,57.58,61,100,14.12,JP,1650126795
Campo Grande,-20.4428,-54.6464,76.55,41,0,6.91,BR,1650126786
Mbandaka,0.0487,18.2603,78.26,76,93,6.31,CD,1650126932
Tierralta,8.1736,-76.0592,87.42,69,79,6.96,CO,1650126932
Sinnamary,5.3833,-52.95,82.36,68,87,10.45,GF,1650126932
Estelle,29.8458,-90.1067,84.99,67,40,14.97,US,1650126933
North Platte,41.1239,-100.7654,38.07,43,0,6.91,US,1650126933
Shimoda,34.6667,138.95,49.1,81,99,10.42,JP,1650126934
Naze,28.3667,129.4833,61.72,60,81,8.68,JP,1650126934
Houndé,11.5,-3.5167,77.31,56,100,7.85,BF,1650126935
Kirkenes,69.7271,30.0458,38.35,60,40,16.11,NO,1650126935
Berja,36.8469,-2.9497,68.76,51,5,6.22,ES,1650126935
Kichmengskiy Gorodok,59.9816,45.7854,24.89,92,93,2.68,RU,1650126936
Atasū,48.6814,71.6433,62.35,21,100,9.35,KZ,1650126936
Ternate,0.8,127.4,80.8,81,83,6.2,ID,1650126937
Benghazi,32.1167,20.0667,66.85,72,97,14.88,LY,1650126937
Pio XII,-3.8325,-45.1525,86.05,74,95,0.85,BR,1650126937
Pacific Grove,36.6177,-121.9166,57.34,90,73,27.0,US,1650126753
Borzna,51.2546,32.4269,41.05,83,100,11.32,UA,1650126938
Dakar,14.6937,-17.4441,81.48,69,32,13.8,SN,1650126794
Da Lat,11.9465,108.4419,61.38,99,92,1.83,VN,1650126939
Baturaden,-7.3,109.2167,66.81,94,85,0.6,ID,1650126939
Inongo,-1.95,18.2667,77.2,75,81,1.54,CD,1650126940
Yulara,-25.2406,130.9889,76.84,41,92,6.91,AU,1650126940
Srīvardhan,18.0333,73.0167,80.46,70,3,4.99,IN,1650126941
Belyy Yar,53.6039,91.3903,46.85,56,19,2.24,RU,1650126941
Fichē,9.8,38.7333,60.31,55,93,5.77,ET,1650126941
Dekar,-21.5333,21.9333,71.22,63,50,6.17,BW,1650126942
Kayerkan,69.3497,87.7602,24.53,100,100,4.92,RU,1650126942
Ginir,7.1333,40.7,61.16,84,98,4.45,ET,1650126943
Anloga,5.7947,0.8973,83.46,70,100,7.65,GH,1650126943
Praia da Vitória,38.7333,-27.0667,64.65,72,20,5.55,PT,1650126933
Kalabo,-14.97,22.6814,68.09,91,100,2.95,ZM,1650126944
Bagua Grande,-5.7561,-78.4411,86.85,60,88,4.45,PE,1650126944
Newnan,33.3807,-84.7997,69.31,83,75,4.61,US,1650126945
Gladstone,-23.85,151.25,66.78,68,9,4.61,AU,1650126706
Aktau,43.65,51.2,54.18,64,16,12.46,KZ,1650126945
